<?xml version="1.0" encoding="UTF-8"?>
<metadata xml:lang="zh"><Esri><CreaDate>20191219</CreaDate><CreaTime>15370500</CreaTime><SyncOnce>FALSE</SyncOnce><SyncDate>20171020</SyncDate><SyncTime>14053600</SyncTime><ModDate>20171020</ModDate><ModTime>14053600</ModTime><DataProperties><lineage><Process Name="Erase_3" ToolSource="C:\Program Files\ArcGIS\ArcToolbox\Toolboxes\Analysis Tools.tbx\Erase" Date="20130415" Time="091316">Erase 2011动态维护综合路网中心线整理20130106 "ghxjlu.dwg Polygon" F:\-0工作\20121009一张图2012年动态维护部分\GIS\-01初步核查\过程\过程2.shp #</Process><Process Name="Merge_4" ToolSource="C:\Program Files\ArcGIS\ArcToolbox\Toolboxes\Data Management Tools.tbx\Merge" Date="20130415" Time="092530">Merge 过程2;规划新建路核查0415 F:\-0工作\20121009一张图2012年动态维护部分\GIS\-01初步核查\规划道路建设状态核查0415.shp "CLASS CLASS true false false 254 Text 0 0 ,First,#,过程2,CLASS,-1,-1,规划新建路核查0415,CLASS,-1,-1;LAYER LAYER true false false 254 Text 0 0 ,First,#,过程2,LAYER,-1,-1,规划新建路核查0415,LAYER,-1,-1;NAME NAME true false false 254 Text 0 0 ,First,#,过程2,NAME,-1,-1,规划新建路核查0415,NAME,-1,-1;REMARK REMARK true false false 254 Text 0 0 ,First,#,过程2,REMARK,-1,-1,规划新建路核查0415,REMARK,-1,-1;SP_STATE SP_STATE true false false 254 Text 0 0 ,First,#,过程2,SP_STATE,-1,-1,规划新建路核查0415,SP_STATE,-1,-1;WIDTH WIDTH true false false 19 Double 15 18 ,First,#,过程2,WIDTH,-1,-1,规划新建路核查0415,WIDTH,-1,-1;ZONE_NO ZONE_NO true false false 254 Text 0 0 ,First,#,过程2,ZONE_NO,-1,-1,规划新建路核查0415,ZONE_NO,-1,-1;PLOT_NAME PLOT_NAME true false false 100 Text 0 0 ,First,#,过程2,PLOT_NAME,-1,-1,规划新建路核查0415,PLOT_NAME,-1,-1;SOURCE SOURCE true false false 50 Text 0 0 ,First,#,过程2,SOURCE,-1,-1,规划新建路核查0415,SOURCE,-1,-1;AMOUNT AMOUNT true false false 20 Text 0 0 ,First,#,过程2,AMOUNT,-1,-1,规划新建路核查0415,AMOUNT,-1,-1;长度 长度 true false false 19 Double 2 18 ,First,#,过程2,长度,-1,-1,规划新建路核查0415,长度,-1,-1;修改等级 修改等级 true false false 50 Text 0 0 ,First,#,过程2,修改等级,-1,-1,规划新建路核查0415,修改等级,-1,-1;修改道路名 修改道路名 true false false 50 Text 0 0 ,First,#,过程2,修改道路名,-1,-1,规划新建路核查0415,修改道路名,-1,-1;修改备注 修改备注 true false false 254 Text 0 0 ,First,#,过程2,修改备注,-1,-1,规划新建路核查0415,修改备注,-1,-1;核查备注 核查备注 true false false 254 Text 0 0 ,First,#,过程2,核查备注,-1,-1,规划新建路核查0415,核查备注,-1,-1;改路名备注 改路名备注 true false false 254 Text 0 0 ,First,#,过程2,改路名备注,-1,-1,规划新建路核查0415,改路名备注,-1,-1;建设状态 建设状态 true false false 50 Text 0 0 ,First,#,过程2,建设状态,-1,-1,规划新建路核查0415,建设状态,-1,-1"</Process><Process Name="Merge_4" ToolSource="C:\Program Files\ArcGIS\ArcToolbox\Toolboxes\Data Management Tools.tbx\Merge" Date="20130701" Time="092522">Merge 全市一;补充道路中心线 F:\-0工作\20121009一张图2012年动态维护部分\GIS\12年道路动态维护工作\征求意见数据整理\全市一1.shp "CLASS CLASS true false false 254 Text 0 0 ,First,#,全市一,CLASS,-1,-1;LAYER LAYER true false false 254 Text 0 0 ,First,#,全市一,LAYER,-1,-1;NAME NAME true false false 254 Text 0 0 ,First,#,全市一,NAME,-1,-1;REMARK REMARK true false false 254 Text 0 0 ,First,#,全市一,REMARK,-1,-1;SP_STATE SP_STATE true false false 254 Text 0 0 ,First,#,全市一,SP_STATE,-1,-1;WIDTH WIDTH true false false 19 Double 15 18 ,First,#,全市一,WIDTH,-1,-1;ZONE_NO ZONE_NO true false false 254 Text 0 0 ,First,#,全市一,ZONE_NO,-1,-1;PLOT_NAME PLOT_NAME true false false 100 Text 0 0 ,First,#,全市一,PLOT_NAME,-1,-1;SOURCE SOURCE true false false 50 Text 0 0 ,First,#,全市一,SOURCE,-1,-1;AMOUNT AMOUNT true false false 20 Text 0 0 ,First,#,全市一,AMOUNT,-1,-1;长度 长度 true false false 19 Double 2 18 ,First,#,全市一,长度,-1,-1,补充道路中心线,长度,-1,-1;修改等级 修改等级 true false false 50 Text 0 0 ,First,#,全市一,修改等级,-1,-1;修改道路名 修改道路名 true false false 50 Text 0 0 ,First,#,全市一,修改道路名,-1,-1;修改备注 修改备注 true false false 254 Text 0 0 ,First,#,全市一,修改备注,-1,-1;核查备注 核查备注 true false false 254 Text 0 0 ,First,#,全市一,核查备注,-1,-1;改路名备注 改路名备注 true false false 254 Text 0 0 ,First,#,全市一,改路名备注,-1,-1;建设状态 建设状态 true false false 50 Text 0 0 ,First,#,全市一,建设状态,-1,-1;备注 备注 true false false 254 Text 0 0 ,First,#,全市一,备注,-1,-1"</Process><Process ToolSource="C:\ArcGIS\ArcToolbox\Toolboxes\Data Management Tools.tbx\CopyFeatures" Date="20140226" Time="162843">CopyFeatures F:\20140224\2012动态维护数据成果.gdb\onemap\SP_ROAD_ROUTE_ZH "Database Connections\测试库.sde\SDE.PLAN_INTEGRATE\SDE.SP_ROAD_ROUTE_ZH" # 0 0 0</Process><Process ToolSource="e:\arcgis 10.2\desktop10.2\ArcToolbox\Toolboxes\Data Management Tools.tbx\RepairGeometry" Date="20170118" Time="143917">RepairGeometry GPL0 DELETE_NULL</Process><Process ToolSource="d:\argis 10.2\desktop10.2\ArcToolbox\Toolboxes\Data Management Tools.tbx\Project" Date="20191219" Time="153629">Project Road "D:\我的用户\新建文件夹 (3)\ArcGIS\Default.gdb\Road_Project" GEOGCS['GCS_WGS_1984',DATUM['D_WGS_1984',SPHEROID['WGS_1984',6378137.0,298.257223563]],PRIMEM['Greenwich',0.0],UNIT['Degree',0.0174532925199433]] # PROJCS['CGCS_2000_3_Degree_GK_CM_114E',GEOGCS['GCS_CGCS_2000',DATUM['D_China_2000',SPHEROID['CGCS2000',6378137.0,298.257222101]],PRIMEM['Greenwich',0.0],UNIT['Degree',0.0174532925199433]],PROJECTION['Gauss_Kruger'],PARAMETER['False_Easting',500000.0],PARAMETER['False_Northing',0.0],PARAMETER['Central_Meridian',114.0],PARAMETER['Scale_Factor',1.0],PARAMETER['Latitude_Of_Origin',0.0],UNIT['Meter',1.0]]</Process></lineage><itemProps><itemLocation><linkage Sync="TRUE">file://\\LAPTOP-VIMSS3AJ\D$\我的用户\新建文件夹 (3)\ArcGIS\Default.gdb</linkage><protocol Sync="TRUE">Local Area Network</protocol></itemLocation><itemName Sync="TRUE">路网</itemName><imsContentType Sync="TRUE">002</imsContentType><itemSize Sync="TRUE">0.000</itemSize></itemProps><coordRef><type Sync="TRUE">Projected</type><geogcsn Sync="TRUE">GCS_CGCS_2000</geogcsn><csUnits Sync="TRUE">Linear Unit: Meter (1.000000)</csUnits><projcsn Sync="TRUE">CGCS_2000_3_Degree_GK_CM_114E</projcsn><peXml Sync="TRUE">&lt;ProjectedCoordinateSystem xsi:type='typens:ProjectedCoordinateSystem' xmlns:xsi='http://www.w3.org/2001/XMLSchema-instance' xmlns:xs='http://www.w3.org/2001/XMLSchema' xmlns:typens='http://www.esri.com/schemas/ArcGIS/10.1'&gt;&lt;WKT&gt;PROJCS[&amp;quot;CGCS_2000_3_Degree_GK_CM_114E&amp;quot;,GEOGCS[&amp;quot;GCS_CGCS_2000&amp;quot;,DATUM[&amp;quot;D_China_2000&amp;quot;,SPHEROID[&amp;quot;CGCS2000&amp;quot;,6378137.0,298.257222101]],PRIMEM[&amp;quot;Greenwich&amp;quot;,0.0],UNIT[&amp;quot;Degree&amp;quot;,0.0174532925199433]],PROJECTION[&amp;quot;Gauss_Kruger&amp;quot;],PARAMETER[&amp;quot;False_Easting&amp;quot;,500000.0],PARAMETER[&amp;quot;False_Northing&amp;quot;,0.0],PARAMETER[&amp;quot;Central_Meridian&amp;quot;,114.0],PARAMETER[&amp;quot;Scale_Factor&amp;quot;,1.0],PARAMETER[&amp;quot;Latitude_Of_Origin&amp;quot;,0.0],UNIT[&amp;quot;Meter&amp;quot;,1.0]]&lt;/WKT&gt;&lt;XOrigin&gt;-5123200&lt;/XOrigin&gt;&lt;YOrigin&gt;-10002100&lt;/YOrigin&gt;&lt;XYScale&gt;450265407.00157917&lt;/XYScale&gt;&lt;ZOrigin&gt;-100000&lt;/ZOrigin&gt;&lt;ZScale&gt;10000&lt;/ZScale&gt;&lt;MOrigin&gt;-100000&lt;/MOrigin&gt;&lt;MScale&gt;10000&lt;/MScale&gt;&lt;XYTolerance&gt;0.001&lt;/XYTolerance&gt;&lt;ZTolerance&gt;0.001&lt;/ZTolerance&gt;&lt;MTolerance&gt;0.001&lt;/MTolerance&gt;&lt;HighPrecision&gt;true&lt;/HighPrecision&gt;&lt;/ProjectedCoordinateSystem&gt;</peXml></coordRef></DataProperties><ArcGISFormat>1.0</ArcGISFormat></Esri><idinfo><native Sync="TRUE">Microsoft Windows XP Version 5.1 (Build 2600) Service Pack 3; ESRI ArcCatalog 9.2.6.1500</native><descript><langdata Sync="TRUE">zh</langdata><abstract>规划整合-道路中心线</abstract><purpose>REQUIRED: A summary of the intentions with which the data set was developed.</purpose><supplinf>该数据为《2012年度全市法定图则成果动态维护》前期费项目成果。2014.2.26更新</supplinf></descript><citation><citeinfo><origin>REQUIRED: The name of an organization or individual that developed the data set.</origin><pubdate>REQUIRED: The date when the data set is published or otherwise made available for release.</pubdate><title Sync="TRUE">SDE.SP_ROAD_ROUTE_ZH</title><ftname Sync="TRUE">SDE.SP_ROAD_ROUTE_ZH</ftname><geoform Sync="TRUE">vector digital data</geoform><onlink Sync="TRUE">\\WEIXW\G$\地价\标定地价.mdb</onlink></citeinfo></citation><timeperd><current>REQUIRED: The basis on which the time period of content information is determined.</current><timeinfo><sngdate><caldate>REQUIRED: The year (and optionally month, or month and day) for which the data set corresponds to the ground.</caldate></sngdate></timeinfo></timeperd><status><progress>REQUIRED: The state of the data set.</progress><update>REQUIRED: The frequency with which changes and additions are made to the data set after the initial data set is completed.</update></status><spdom><bounding><westbc Sync="TRUE">REQUIRED: Western-most coordinate of the limit of coverage expressed in longitude.</westbc><eastbc Sync="TRUE">REQUIRED: Eastern-most coordinate of the limit of coverage expressed in longitude.</eastbc><northbc Sync="TRUE">REQUIRED: Northern-most coordinate of the limit of coverage expressed in latitude.</northbc><southbc Sync="TRUE">REQUIRED: Southern-most coordinate of the limit of coverage expressed in latitude.</southbc></bounding><lboundng><leftbc Sync="TRUE">83635.091431</leftbc><rightbc Sync="TRUE">169002.463623</rightbc><bottombc Sync="TRUE">9052.412598</bottombc><topbc Sync="TRUE">55506.190613</topbc></lboundng></spdom><keywords><theme><themekt>REQUIRED: Reference to a formally registered thesaurus or a similar authoritative source of theme keywords.</themekt><themekey>REQUIRED: Common-use word or phrase used to describe the subject of the data set.</themekey></theme></keywords><accconst>REQUIRED: Restrictions and legal prerequisites for accessing the data set.</accconst><useconst>REQUIRED: Restrictions and legal prerequisites for using the data set after access is granted.</useconst><natvform Sync="TRUE">SDE Feature Class</natvform></idinfo><dataIdInfo><envirDesc Sync="TRUE"> Version 6.2 (Build 9200) ; Esri ArcGIS 10.2.0.3348</envirDesc><dataLang><languageCode Sync="TRUE" value="zho"></languageCode><countryCode value="CHN" Sync="TRUE"></countryCode></dataLang><idCitation><resTitle Sync="TRUE">路网</resTitle><presForm><PresFormCd Sync="TRUE" value="005"></PresFormCd></presForm></idCitation><spatRpType><SpatRepTypCd Sync="TRUE" value="001"></SpatRepTypCd></spatRpType><dataExt><geoEle><GeoBndBox esriExtentType="native"><westBL Sync="TRUE">83635.091431</westBL><eastBL Sync="TRUE">169002.463623</eastBL><northBL Sync="TRUE">55506.190613</northBL><southBL Sync="TRUE">9052.412598</southBL><exTypeCode Sync="TRUE">1</exTypeCode></GeoBndBox></geoEle></dataExt></dataIdInfo><metainfo><langmeta Sync="TRUE">zh</langmeta><metstdn Sync="TRUE">FGDC Content Standards for Digital Geospatial Metadata</metstdn><metstdv Sync="TRUE">FGDC-STD-001-1998</metstdv><mettc Sync="TRUE">local time</mettc><metc><cntinfo><cntorgp><cntper>REQUIRED: The person responsible for the metadata information.</cntper><cntorg>REQUIRED: The organization responsible for the metadata information.</cntorg></cntorgp><cntaddr><addrtype>REQUIRED: The mailing and/or physical address for the organization or individual.</addrtype><city>REQUIRED: The city of the address.</city><state>REQUIRED: The state or province of the address.</state><postal>REQUIRED: The ZIP or other postal code of the address.</postal></cntaddr><cntvoice>REQUIRED: The telephone number by which individuals can speak to the organization or individual.</cntvoice></cntinfo></metc><metd Sync="TRUE">20140227</metd></metainfo><mdLang><languageCode Sync="TRUE" value="zho"></languageCode><countryCode value="CHN" Sync="TRUE"></countryCode></mdLang><mdStanName Sync="TRUE">ISO 19115 Geographic Information - Metadata</mdStanName><mdStanVer Sync="TRUE">DIS_ESRI1.0</mdStanVer><mdChar><CharSetCd Sync="TRUE" value="004"></CharSetCd></mdChar><mdHrLv><ScopeCd Sync="TRUE" value="005"></ScopeCd></mdHrLv><mdHrLvName Sync="TRUE">dataset</mdHrLvName><distinfo><resdesc Sync="TRUE">Downloadable Data</resdesc><stdorder><digform><digtinfo><transize Sync="TRUE">0.000</transize><dssize Sync="TRUE">0.000</dssize></digtinfo></digform></stdorder></distinfo><distInfo><distributor><distorTran><onLineSrc><orDesc Sync="TRUE">002</orDesc><linkage Sync="TRUE">file://\\WEIXW\G$\地价\标定地价.mdb</linkage><protocol Sync="TRUE">Local Area Network</protocol></onLineSrc><transSize Sync="TRUE">0.000</transSize></distorTran><distorFormat><formatName Sync="TRUE">SDE Feature Class</formatName></distorFormat></distributor><distFormat><formatName Sync="TRUE">Shapefile</formatName></distFormat><distTranOps><transSize Sync="TRUE">0.000</transSize></distTranOps></distInfo><spdoinfo><direct Sync="TRUE">Vector</direct><ptvctinf><esriterm Name="路网"><efeatyp Sync="TRUE">Simple</efeatyp><efeageom code="3" Sync="TRUE"></efeageom><esritopo Sync="TRUE">FALSE</esritopo><efeacnt Sync="TRUE">0</efeacnt><spindex Sync="TRUE">FALSE</spindex><linrefer Sync="TRUE">FALSE</linrefer></esriterm></ptvctinf></spdoinfo><spatRepInfo><VectSpatRep><geometObjs Name="路网"><geoObjTyp><GeoObjTypCd value="002" Sync="TRUE"></GeoObjTypCd></geoObjTyp><geoObjCnt Sync="TRUE">0</geoObjCnt></geometObjs><topLvl><TopoLevCd value="001" Sync="TRUE"></TopoLevCd></topLvl></VectSpatRep></spatRepInfo><eainfo><detailed Name="路网"><enttyp><enttypl Sync="TRUE">路网</enttypl><enttypt Sync="TRUE">Feature Class</enttypt><enttypc Sync="TRUE">0</enttypc></enttyp><attr><attrlabl Sync="TRUE">Shape</attrlabl><attalias Sync="TRUE">FID</attalias><attrtype Sync="TRUE">OID</attrtype><attwidth Sync="TRUE">4</attwidth><atprecis Sync="TRUE">0</atprecis><attscale Sync="TRUE">0</attscale><attrdef Sync="TRUE">Feature geometry.</attrdef><attrdefs Sync="TRUE">ESRI</attrdefs><attrdomv><udom Sync="TRUE">Coordinates defining the features.</udom></attrdomv></attr><attr><attrlabl Sync="TRUE">CLASS</attrlabl><attalias Sync="TRUE">CLASS</attalias><attrtype Sync="TRUE">String</attrtype><attwidth Sync="TRUE">254</attwidth><atprecis Sync="TRUE">0</atprecis><attscale Sync="TRUE">0</attscale></attr><attr><attrlabl Sync="TRUE">OBJECTID_1</attrlabl><attalias Sync="TRUE">OBJECTID_1</attalias><attrtype Sync="TRUE">Integer</attrtype><attwidth Sync="TRUE">9</attwidth><atprecis Sync="TRUE">9</atprecis><attscale Sync="TRUE">0</attscale></attr><attr><attrlabl Sync="TRUE">NAME</attrlabl><attalias Sync="TRUE">NAME</attalias><attrtype Sync="TRUE">String</attrtype><attwidth Sync="TRUE">254</attwidth><atprecis Sync="TRUE">0</atprecis><attscale Sync="TRUE">0</attscale></attr><attr><attrlabl Sync="TRUE">REMARK</attrlabl><attalias Sync="TRUE">REMARK</attalias><attrtype Sync="TRUE">String</attrtype><attwidth Sync="TRUE">254</attwidth><atprecis Sync="TRUE">0</atprecis><attscale Sync="TRUE">0</attscale></attr><attr><attrlabl Sync="TRUE">SP_STATE</attrlabl><attalias Sync="TRUE">SP_STATE</attalias><attrtype Sync="TRUE">String</attrtype><attwidth Sync="TRUE">254</attwidth><atprecis Sync="TRUE">0</atprecis><attscale Sync="TRUE">0</attscale></attr><attr><attrlabl Sync="TRUE">WIDTH</attrlabl><attalias Sync="TRUE">WIDTH</attalias><attrtype Sync="TRUE">Double</attrtype><attwidth Sync="TRUE">19</attwidth><atprecis Sync="TRUE">0</atprecis><attscale Sync="TRUE">0</attscale></attr><attr><attrlabl Sync="TRUE">ZONE_NO</attrlabl><attalias Sync="TRUE">ZONE_NO</attalias><attrtype Sync="TRUE">String</attrtype><attwidth Sync="TRUE">254</attwidth><atprecis Sync="TRUE">0</atprecis><attscale Sync="TRUE">0</attscale></attr><attr><attrlabl Sync="TRUE">PLOT_NAME</attrlabl><attalias Sync="TRUE">PLOT_NAME</attalias><attrtype Sync="TRUE">String</attrtype><attwidth Sync="TRUE">100</attwidth><atprecis Sync="TRUE">0</atprecis><attscale Sync="TRUE">0</attscale></attr><attr><attrlabl Sync="TRUE">SOURCE</attrlabl><attalias Sync="TRUE">SOURCE</attalias><attrtype Sync="TRUE">String</attrtype><attwidth Sync="TRUE">50</attwidth><atprecis Sync="TRUE">0</atprecis><attscale Sync="TRUE">0</attscale></attr><attr><attrlabl Sync="TRUE">AMOUNT</attrlabl><attalias Sync="TRUE">AMOUNT</attalias><attrtype Sync="TRUE">String</attrtype><attwidth Sync="TRUE">20</attwidth><atprecis Sync="TRUE">0</atprecis><attscale Sync="TRUE">0</attscale></attr><attr><attrlabl Sync="TRUE">OBJECTID</attrlabl><attalias Sync="TRUE">OBJECTID</attalias><attrtype Sync="TRUE">Integer</attrtype><attwidth Sync="TRUE">9</attwidth><atprecis Sync="TRUE">9</atprecis><attscale Sync="TRUE">0</attscale><attrdef Sync="TRUE">Internal feature number.</attrdef><attrdefs Sync="TRUE">ESRI</attrdefs><attrdomv><udom Sync="TRUE">Sequential unique whole numbers that are automatically generated.</udom></attrdomv></attr><attr><attrlabl Sync="TRUE">STATE</attrlabl><attalias Sync="TRUE">STATE</attalias><attrtype Sync="TRUE">String</attrtype><attwidth Sync="TRUE">50</attwidth><atprecis Sync="TRUE">0</atprecis><attscale Sync="TRUE">0</attscale></attr><attr><attrlabl Sync="TRUE">SHAPE</attrlabl><attalias Sync="TRUE">Shape</attalias><attrtype Sync="TRUE">Geometry</attrtype><attwidth Sync="TRUE">0</attwidth><atprecis Sync="TRUE">0</atprecis><attscale Sync="TRUE">0</attscale><attrdef Sync="TRUE">Feature geometry.</attrdef><attrdefs Sync="TRUE">ESRI</attrdefs><attrdomv><udom Sync="TRUE">Coordinates defining the features.</udom></attrdomv></attr><attr><attrlabl Sync="TRUE">SHAPE_Leng</attrlabl><attalias Sync="TRUE">SHAPE_Leng</attalias><attrtype Sync="TRUE">Double</attrtype><attwidth Sync="TRUE">19</attwidth><atprecis Sync="TRUE">0</atprecis><attscale Sync="TRUE">0</attscale></attr><attr><attrlabl Sync="TRUE">Shape_Le_1</attrlabl><attalias Sync="TRUE">Shape_Le_1</attalias><attrtype Sync="TRUE">Double</attrtype><attwidth Sync="TRUE">19</attwidth><atprecis Sync="TRUE">0</atprecis><attscale Sync="TRUE">0</attscale></attr><attr><attrlabl Sync="TRUE">ISRBT</attrlabl><attalias Sync="TRUE">ISRBT</attalias><attrtype Sync="TRUE">Integer</attrtype><attwidth Sync="TRUE">9</attwidth><atprecis Sync="TRUE">9</atprecis><attscale Sync="TRUE">0</attscale></attr><attr><attrlabl Sync="TRUE">ISFORK</attrlabl><attalias Sync="TRUE">ISFORK</attalias><attrtype Sync="TRUE">Integer</attrtype><attwidth Sync="TRUE">9</attwidth><atprecis Sync="TRUE">9</atprecis><attscale Sync="TRUE">0</attscale></attr></detailed></eainfo><mdDateSt Sync="TRUE">20171020</mdDateSt><dataqual><lineage><procstep><procdesc Sync="TRUE">Dataset copied.</procdesc><date Sync="TRUE">20130701</date><time Sync="TRUE">09204600</time></procstep><procstep><procdesc Sync="TRUE">数据集被复制.</procdesc><srcused Sync="TRUE"></srcused><date Sync="TRUE">20140106</date><time Sync="TRUE">09070200</time></procstep><procstep><procdesc Sync="TRUE">数据集被复制.</procdesc><srcused Sync="TRUE"></srcused><date Sync="TRUE">20140127</date><time Sync="TRUE">09424500</time></procstep><procstep><procdesc Sync="TRUE">数据集被复制.</procdesc><srcused Sync="TRUE">Server=192.168.110.2; Service=5152; User=szgdbp; Version=SDE.DEFAULT</srcused><date Sync="TRUE">20140304</date><time Sync="TRUE">13213900</time></procstep><procstep><procdesc Sync="TRUE">Dataset copied.</procdesc><srcused Sync="TRUE">Server=OraBAS.db.szpl.gov; Service=5152; User=sderead; Version=SDE.DEFAULT</srcused><date Sync="TRUE">20140617</date><time Sync="TRUE">16503800</time></procstep></lineage></dataqual><refSysInfo><RefSystem><refSysID><identCode code="0" Sync="TRUE"></identCode></refSysID></RefSystem></refSysInfo></metadata>
