<?xml version="1.0" encoding="UTF-8"?>
<metadata xml:lang="zh"><Esri><CreaDate>20191125</CreaDate><CreaTime>22374200</CreaTime><ArcGISFormat>1.0</ArcGISFormat><SyncOnce>FALSE</SyncOnce><DataProperties><itemProps><itemName Sync="TRUE">yunnan</itemName><imsContentType Sync="TRUE">002</imsContentType><itemLocation><linkage Sync="TRUE">file://\\LAPTOP-VIMSS3AJ\D$\我的用户\新建文件夹 (3)\ArcGIS\Default.gdb</linkage><protocol Sync="TRUE">Local Area Network</protocol></itemLocation></itemProps><coordRef><type Sync="TRUE">Projected</type><geogcsn Sync="TRUE">GCS_WGS_1984</geogcsn><csUnits Sync="TRUE">Linear Unit: Meter (1.000000)</csUnits><projcsn Sync="TRUE">Asia_South_Lambert_Conformal_Conic</projcsn><peXml Sync="TRUE">&lt;ProjectedCoordinateSystem xsi:type='typens:ProjectedCoordinateSystem' xmlns:xsi='http://www.w3.org/2001/XMLSchema-instance' xmlns:xs='http://www.w3.org/2001/XMLSchema' xmlns:typens='http://www.esri.com/schemas/ArcGIS/10.1'&gt;&lt;WKT&gt;PROJCS[&amp;quot;Asia_South_Lambert_Conformal_Conic&amp;quot;,GEOGCS[&amp;quot;GCS_WGS_1984&amp;quot;,DATUM[&amp;quot;D_WGS_1984&amp;quot;,SPHEROID[&amp;quot;WGS_1984&amp;quot;,6378137.0,298.257223563]],PRIMEM[&amp;quot;Greenwich&amp;quot;,0.0],UNIT[&amp;quot;Degree&amp;quot;,0.0174532925199433]],PROJECTION[&amp;quot;Lambert_Conformal_Conic&amp;quot;],PARAMETER[&amp;quot;False_Easting&amp;quot;,0.0],PARAMETER[&amp;quot;False_Northing&amp;quot;,0.0],PARAMETER[&amp;quot;Central_Meridian&amp;quot;,125.0],PARAMETER[&amp;quot;Standard_Parallel_1&amp;quot;,7.0],PARAMETER[&amp;quot;Standard_Parallel_2&amp;quot;,-32.0],PARAMETER[&amp;quot;Latitude_Of_Origin&amp;quot;,-15.0],UNIT[&amp;quot;Meter&amp;quot;,1.0],AUTHORITY[&amp;quot;ESRI&amp;quot;,102030]]&lt;/WKT&gt;&lt;XOrigin&gt;-32918400&lt;/XOrigin&gt;&lt;YOrigin&gt;-26304700&lt;/YOrigin&gt;&lt;XYScale&gt;10000&lt;/XYScale&gt;&lt;ZOrigin&gt;-100000&lt;/ZOrigin&gt;&lt;ZScale&gt;10000&lt;/ZScale&gt;&lt;MOrigin&gt;-100000&lt;/MOrigin&gt;&lt;MScale&gt;10000&lt;/MScale&gt;&lt;XYTolerance&gt;0.001&lt;/XYTolerance&gt;&lt;ZTolerance&gt;0.001&lt;/ZTolerance&gt;&lt;MTolerance&gt;0.001&lt;/MTolerance&gt;&lt;HighPrecision&gt;true&lt;/HighPrecision&gt;&lt;WKID&gt;102030&lt;/WKID&gt;&lt;LatestWKID&gt;102030&lt;/LatestWKID&gt;&lt;/ProjectedCoordinateSystem&gt;</peXml></coordRef><lineage><Process ToolSource="d:\program files (x86)\arcgis\desktop10.1\ArcToolbox\Toolboxes\Conversion Tools.tbx\FeatureClassToFeatureClass" Date="20171220" Time="155951">FeatureClassToFeatureClass "J:\AIworkshop\tukuo\云南县乡域\town bound\YN_town.shp" J:\AIworkshop\tukuo\tukuo.gdb town # "PROVNAME "PROVNAME" true true false 30 Text 0 0 ,First,#,J:\AIworkshop\tukuo\云南县乡域\town bound\YN_town.shp,PROVNAME,-1,-1;CITYNAME "CITYNAME" true true false 30 Text 0 0 ,First,#,J:\AIworkshop\tukuo\云南县乡域\town bound\YN_town.shp,CITYNAME,-1,-1;COUNNAME "COUNNAME" true true false 30 Text 0 0 ,First,#,J:\AIworkshop\tukuo\云南县乡域\town bound\YN_town.shp,COUNNAME,-1,-1;TOWNNAME "TOWNNAME" true true false 30 Text 0 0 ,First,#,J:\AIworkshop\tukuo\云南县乡域\town bound\YN_town.shp,TOWNNAME,-1,-1;CODE "CODE" true true false 9 Text 0 0 ,First,#,J:\AIworkshop\tukuo\云南县乡域\town bound\YN_town.shp,CODE,-1,-1;AREA1 "AREA1" true true false 19 Double 0 0 ,First,#,J:\AIworkshop\tukuo\云南县乡域\town bound\YN_town.shp,AREA1,-1,-1;AREA2 "AREA2" true true false 19 Double 0 0 ,First,#,J:\AIworkshop\tukuo\云南县乡域\town bound\YN_town.shp,AREA2,-1,-1;IMG_ID "IMG_ID" true true false 50 Text 0 0 ,First,#,J:\AIworkshop\tukuo\云南县乡域\town bound\YN_town.shp,IMG_ID,-1,-1;QA4ID "QA4ID" true true false 1 Short 0 1 ,First,#,J:\AIworkshop\tukuo\云南县乡域\town bound\YN_town.shp,QA4ID,-1,-1;QA4CH "QA4CH" true true false 70 Text 0 0 ,First,#,J:\AIworkshop\tukuo\云南县乡域\town bound\YN_town.shp,QA4CH,-1,-1;AREA_AREA2 "AREA_AREA2" true true false 19 Double 0 0 ,First,#,J:\AIworkshop\tukuo\云南县乡域\town bound\YN_town.shp,AREA_AREA2,-1,-1" #</Process><Process ToolSource="d:\program files (x86)\arcgis\desktop10.1\ArcToolbox\Toolboxes\Data Management Tools.tbx\Project" Date="20171220" Time="171140">Project J:\AIworkshop\tukuo\tukuo.gdb\town J:\AIworkshop\tukuo\tukuo.gdb\town_lanbo PROJCS['Asia_South_Lambert_Conformal_Conic',GEOGCS['GCS_WGS_1984',DATUM['D_WGS_1984',SPHEROID['WGS_1984',6378137.0,298.257223563]],PRIMEM['Greenwich',0.0],UNIT['Degree',0.0174532925199433]],PROJECTION['Lambert_Conformal_Conic'],PARAMETER['False_Easting',0.0],PARAMETER['False_Northing',0.0],PARAMETER['Central_Meridian',125.0],PARAMETER['Standard_Parallel_1',7.0],PARAMETER['Standard_Parallel_2',-32.0],PARAMETER['Latitude_Of_Origin',-15.0],UNIT['Meter',1.0]] # PROJCS['WGS_1984_Albers',GEOGCS['GCS_WGS_1984',DATUM['D_WGS_1984',SPHEROID['WGS_1984',6378137.0,298.257223563]],PRIMEM['Greenwich',0.0],UNIT['Degree',0.0174532925199433]],PROJECTION['Albers'],PARAMETER['False_Easting',0.0],PARAMETER['False_Northing',0.0],PARAMETER['Central_Meridian',105.0],PARAMETER['Standard_Parallel_1',25.0],PARAMETER['Standard_Parallel_2',47.0],PARAMETER['Latitude_Of_Origin',0.0],UNIT['Meter',1.0]]</Process><Process ToolSource="d:\program files (x86)\arcgis\desktop10.1\ArcToolbox\Toolboxes\Analysis Tools.tbx\SpatialJoin" Date="20171228" Time="085353">SpatialJoin town_lanbo town_lanbo J:\AIworkshop\tukuo\tukuo.gdb\join JOIN_ONE_TO_ONE KEEP_ALL "PROVNAME "PROVNAME" true true false 30 Text 0 0 ,First,#,J:\AIworkshop\tukuo\tukuo.mdb\town_lanbo,PROVNAME,-1,-1;CITYNAME "CITYNAME" true true false 30 Text 0 0 ,First,#,J:\AIworkshop\tukuo\tukuo.mdb\town_lanbo,CITYNAME,-1,-1;COUNNAME "COUNNAME" true true false 30 Text 0 0 ,First,#,J:\AIworkshop\tukuo\tukuo.mdb\town_lanbo,COUNNAME,-1,-1;TOWNNAME "TOWNNAME" true true false 30 Text 0 0 ,First,#,J:\AIworkshop\tukuo\tukuo.mdb\town_lanbo,TOWNNAME,-1,-1;CODE "CODE" true true false 9 Text 0 0 ,First,#,J:\AIworkshop\tukuo\tukuo.mdb\town_lanbo,CODE,-1,-1;AREA1 "AREA1" true true false 8 Double 0 0 ,First,#,J:\AIworkshop\tukuo\tukuo.mdb\town_lanbo,AREA1,-1,-1;AREA2 "AREA2" true true false 8 Double 0 0 ,First,#,J:\AIworkshop\tukuo\tukuo.mdb\town_lanbo,AREA2,-1,-1;IMG_ID "IMG_ID" true true false 50 Text 0 0 ,First,#,J:\AIworkshop\tukuo\tukuo.mdb\town_lanbo,IMG_ID,-1,-1;QA4ID "QA4ID" true true false 2 Short 0 0 ,First,#,J:\AIworkshop\tukuo\tukuo.mdb\town_lanbo,QA4ID,-1,-1;QA4CH "QA4CH" true true false 70 Text 0 0 ,First,#,J:\AIworkshop\tukuo\tukuo.mdb\town_lanbo,QA4CH,-1,-1;AREA_AREA2 "AREA_AREA2" true true false 8 Double 0 0 ,First,#,J:\AIworkshop\tukuo\tukuo.mdb\town_lanbo,AREA_AREA2,-1,-1;Shape_Length "Shape_Length" false true true 8 Double 0 0 ,First,#,J:\AIworkshop\tukuo\tukuo.mdb\town_lanbo,Shape_Length,-1,-1;Shape_Area "Shape_Area" false true true 8 Double 0 0 ,First,#,J:\AIworkshop\tukuo\tukuo.mdb\town_lanbo,Shape_Area,-1,-1;PROVNAME_1 "PROVNAME" true true false 30 Text 0 0 ,First,#,J:\AIworkshop\tukuo\tukuo.gdb\town_lanbo,PROVNAME,-1,-1;CITYNAME_1 "CITYNAME" true true false 30 Text 0 0 ,First,#,J:\AIworkshop\tukuo\tukuo.gdb\town_lanbo,CITYNAME,-1,-1;COUNNAME_1 "COUNNAME" true true false 30 Text 0 0 ,First,#,J:\AIworkshop\tukuo\tukuo.gdb\town_lanbo,COUNNAME,-1,-1;TOWNNAME_1 "TOWNNAME" true true false 30 Text 0 0 ,First,#,J:\AIworkshop\tukuo\tukuo.gdb\town_lanbo,TOWNNAME,-1,-1;CODE_1 "CODE" true true false 9 Text 0 0 ,First,#,J:\AIworkshop\tukuo\tukuo.gdb\town_lanbo,CODE,-1,-1;AREA1_1 "AREA1" true true false 8 Double 0 0 ,First,#,J:\AIworkshop\tukuo\tukuo.gdb\town_lanbo,AREA1,-1,-1;AREA2_1 "AREA2" true true false 8 Double 0 0 ,First,#,J:\AIworkshop\tukuo\tukuo.gdb\town_lanbo,AREA2,-1,-1;IMG_ID_1 "IMG_ID" true true false 50 Text 0 0 ,First,#,J:\AIworkshop\tukuo\tukuo.gdb\town_lanbo,IMG_ID,-1,-1;QA4ID_1 "QA4ID" true true false 2 Short 0 0 ,First,#,J:\AIworkshop\tukuo\tukuo.gdb\town_lanbo,QA4ID,-1,-1;QA4CH_1 "QA4CH" true true false 70 Text 0 0 ,First,#,J:\AIworkshop\tukuo\tukuo.gdb\town_lanbo,QA4CH,-1,-1;AREA_AREA2_1 "AREA_AREA2" true true false 8 Double 0 0 ,First,#,J:\AIworkshop\tukuo\tukuo.gdb\town_lanbo,AREA_AREA2,-1,-1;Shape_Length_1 "Shape_Length_1" false true true 8 Double 0 0 ,First,#,J:\AIworkshop\tukuo\tukuo.gdb\town_lanbo,Shape_Length,-1,-1;Shape_Area_1 "Shape_Area_1" false true true 8 Double 0 0 ,First,#,J:\AIworkshop\tukuo\tukuo.gdb\town_lanbo,Shape_Area,-1,-1;connection "NewFieldName" true true false 200 Text 0 0 ,Join," ",J:\AIworkshop\tukuo\tukuo.mdb\town_lanbo,CODE,-1,-1" INTERSECT # #</Process><Process ToolSource="d:\program files (x86)\arcgis\desktop10.1\ArcToolbox\Toolboxes\Data Management Tools.tbx\AddField" Date="20171228" Time="093955">AddField J:\AIworkshop\tukuo\join.shp color SHORT # # # # NULLABLE NON_REQUIRED #</Process><Process ToolSource="d:\program files (x86)\arcgis\desktop10.1\ArcToolbox\Toolboxes\Conversion Tools.tbx\FeatureClassToFeatureClass" Date="20180306" Time="160401">FeatureClassToFeatureClass J:\AIworkshop\tukuo\join.shp J:\AIworkshop\tukuo\gujiaxian.mdb yunnan # "OBJECTID "OBJECTID" true true false 9 Long 0 9 ,First,#,J:\AIworkshop\tukuo\join.shp,OBJECTID,-1,-1;Join_Count "Join_Count" true true false 9 Long 0 9 ,First,#,J:\AIworkshop\tukuo\join.shp,Join_Count,-1,-1;TARGET_FID "TARGET_FID" true true false 9 Long 0 9 ,First,#,J:\AIworkshop\tukuo\join.shp,TARGET_FID,-1,-1;PROVNAME "PROVNAME" true true false 30 Text 0 0 ,First,#,J:\AIworkshop\tukuo\join.shp,PROVNAME,-1,-1;CITYNAME "CITYNAME" true true false 30 Text 0 0 ,First,#,J:\AIworkshop\tukuo\join.shp,CITYNAME,-1,-1;COUNNAME "COUNNAME" true true false 30 Text 0 0 ,First,#,J:\AIworkshop\tukuo\join.shp,COUNNAME,-1,-1;TOWNNAME "TOWNNAME" true true false 30 Text 0 0 ,First,#,J:\AIworkshop\tukuo\join.shp,TOWNNAME,-1,-1;CODE "CODE" true true false 9 Text 0 0 ,First,#,J:\AIworkshop\tukuo\join.shp,CODE,-1,-1;AREA1 "AREA1" true true false 19 Double 0 0 ,First,#,J:\AIworkshop\tukuo\join.shp,AREA1,-1,-1;AREA2 "AREA2" true true false 19 Double 0 0 ,First,#,J:\AIworkshop\tukuo\join.shp,AREA2,-1,-1;IMG_ID "IMG_ID" true true false 50 Text 0 0 ,First,#,J:\AIworkshop\tukuo\join.shp,IMG_ID,-1,-1;QA4ID "QA4ID" true true false 4 Short 0 4 ,First,#,J:\AIworkshop\tukuo\join.shp,QA4ID,-1,-1;QA4CH "QA4CH" true true false 70 Text 0 0 ,First,#,J:\AIworkshop\tukuo\join.shp,QA4CH,-1,-1;AREA_AREA2 "AREA_AREA2" true true false 19 Double 0 0 ,First,#,J:\AIworkshop\tukuo\join.shp,AREA_AREA2,-1,-1;PROVNAME_1 "PROVNAME_1" true true false 30 Text 0 0 ,First,#,J:\AIworkshop\tukuo\join.shp,PROVNAME_1,-1,-1;CITYNAME_1 "CITYNAME_1" true true false 30 Text 0 0 ,First,#,J:\AIworkshop\tukuo\join.shp,CITYNAME_1,-1,-1;COUNNAME_1 "COUNNAME_1" true true false 30 Text 0 0 ,First,#,J:\AIworkshop\tukuo\join.shp,COUNNAME_1,-1,-1;TOWNNAME_1 "TOWNNAME_1" true true false 30 Text 0 0 ,First,#,J:\AIworkshop\tukuo\join.shp,TOWNNAME_1,-1,-1;CODE_1 "CODE_1" true true false 9 Text 0 0 ,First,#,J:\AIworkshop\tukuo\join.shp,CODE_1,-1,-1;AREA1_1 "AREA1_1" true true false 19 Double 0 0 ,First,#,J:\AIworkshop\tukuo\join.shp,AREA1_1,-1,-1;AREA2_1 "AREA2_1" true true false 19 Double 0 0 ,First,#,J:\AIworkshop\tukuo\join.shp,AREA2_1,-1,-1;IMG_ID_1 "IMG_ID_1" true true false 50 Text 0 0 ,First,#,J:\AIworkshop\tukuo\join.shp,IMG_ID_1,-1,-1;QA4ID_1 "QA4ID_1" true true false 4 Short 0 4 ,First,#,J:\AIworkshop\tukuo\join.shp,QA4ID_1,-1,-1;QA4CH_1 "QA4CH_1" true true false 70 Text 0 0 ,First,#,J:\AIworkshop\tukuo\join.shp,QA4CH_1,-1,-1;AREA_ARE_1 "AREA_ARE_1" true true false 19 Double 0 0 ,First,#,J:\AIworkshop\tukuo\join.shp,AREA_ARE_1,-1,-1;Shape_Leng "Shape_Leng" true true false 19 Double 0 0 ,First,#,J:\AIworkshop\tukuo\join.shp,Shape_Leng,-1,-1;Shape_Area "Shape_Area" true true false 19 Double 0 0 ,First,#,J:\AIworkshop\tukuo\join.shp,Shape_Area,-1,-1;connection_ "connection_" true true false 200 Text 0 0 ,First,#,J:\AIworkshop\tukuo\join.shp,connection,-1,-1;Shape_Le_1 "Shape_Le_1" true true false 19 Double 0 0 ,First,#,J:\AIworkshop\tukuo\join.shp,Shape_Le_1,-1,-1;Shape_Ar_1 "Shape_Ar_1" true true false 19 Double 0 0 ,First,#,J:\AIworkshop\tukuo\join.shp,Shape_Ar_1,-1,-1;color "color" true true false 4 Short 0 4 ,First,#,J:\AIworkshop\tukuo\join.shp,color,-1,-1" #</Process><Process ToolSource="c:\program files (x86)\arcgis\desktop10.2\ArcToolbox\Toolboxes\Data Management Tools.tbx\CalculateField" Date="20180320" Time="155335">CalculateField yunnan RANK "BA0102" VB #</Process><Process ToolSource="c:\program files (x86)\arcgis\desktop10.2\ArcToolbox\Toolboxes\Data Management Tools.tbx\CalculateField" Date="20180506" Time="115754">CalculateField yunnan RANK "BA0101" VB #</Process><Process ToolSource="d:\argis 10.2\desktop10.2\ArcToolbox\Toolboxes\Data Management Tools.tbx\Project" Date="20191125" Time="223653">Project Export_Output "D:\我的用户\新建文件夹 (3)\ArcGIS\Default.gdb\yunnan" PROJCS['WGS_1984_World_Mercator',GEOGCS['GCS_WGS_1984',DATUM['D_WGS_1984',SPHEROID['WGS_1984',6378137.0,298.257223563]],PRIMEM['Greenwich',0.0],UNIT['Degree',0.0174532925199433]],PROJECTION['Mercator'],PARAMETER['False_Easting',0.0],PARAMETER['False_Northing',0.0],PARAMETER['Central_Meridian',0.0],PARAMETER['Standard_Parallel_1',0.0],UNIT['Meter',1.0]] # PROJCS['Asia_South_Lambert_Conformal_Conic',GEOGCS['GCS_WGS_1984',DATUM['D_WGS_1984',SPHEROID['WGS_1984',6378137.0,298.257223563]],PRIMEM['Greenwich',0.0],UNIT['Degree',0.0174532925199433]],PROJECTION['Lambert_Conformal_Conic'],PARAMETER['False_Easting',0.0],PARAMETER['False_Northing',0.0],PARAMETER['Central_Meridian',125.0],PARAMETER['Standard_Parallel_1',7.0],PARAMETER['Standard_Parallel_2',-32.0],PARAMETER['Latitude_Of_Origin',-15.0],UNIT['Meter',1.0]]</Process></lineage></DataProperties><SyncDate>20180306</SyncDate><SyncTime>16040100</SyncTime><ModDate>20180306</ModDate><ModTime>16040100</ModTime></Esri><dataIdInfo><envirDesc Sync="TRUE">Microsoft Windows 7 Version 6.1 (Build 7601) Service Pack 1; Esri ArcGIS 10.1.0.3035</envirDesc><dataLang><languageCode value="zho" Sync="TRUE"></languageCode><countryCode value="CHN" Sync="TRUE"></countryCode></dataLang><idCitation><resTitle Sync="TRUE">yunnan</resTitle><presForm><PresFormCd value="005" Sync="TRUE"></PresFormCd></presForm></idCitation><spatRpType><SpatRepTypCd value="001" Sync="TRUE"></SpatRepTypCd></spatRpType></dataIdInfo><mdLang><languageCode value="zho" Sync="TRUE"></languageCode><countryCode value="CHN" Sync="TRUE"></countryCode></mdLang><distInfo><distFormat><formatName Sync="TRUE">Personal GeoDatabase Feature Class</formatName></distFormat></distInfo><mdHrLv><ScopeCd value="005" Sync="TRUE"></ScopeCd></mdHrLv><mdHrLvName Sync="TRUE">dataset</mdHrLvName><refSysInfo><RefSystem><refSysID><identCode code="0" Sync="TRUE" value="102030"></identCode><idCodeSpace Sync="TRUE">ESRI</idCodeSpace><idVersion Sync="TRUE">10.1.0</idVersion></refSysID></RefSystem></refSysInfo><spatRepInfo><VectSpatRep><geometObjs Name="yunnan"><geoObjTyp><GeoObjTypCd value="002" Sync="TRUE"></GeoObjTypCd></geoObjTyp><geoObjCnt Sync="TRUE">0</geoObjCnt></geometObjs><topLvl><TopoLevCd value="001" Sync="TRUE"></TopoLevCd></topLvl></VectSpatRep></spatRepInfo><spdoinfo><ptvctinf><esriterm Name="yunnan"><efeatyp Sync="TRUE">Simple</efeatyp><efeageom code="4" Sync="TRUE"></efeageom><esritopo Sync="TRUE">FALSE</esritopo><efeacnt Sync="TRUE">0</efeacnt><spindex Sync="TRUE">TRUE</spindex><linrefer Sync="TRUE">FALSE</linrefer></esriterm></ptvctinf></spdoinfo><eainfo><detailed Name="yunnan"><enttyp><enttypl Sync="TRUE">yunnan</enttypl><enttypt Sync="TRUE">Feature Class</enttypt><enttypc Sync="TRUE">0</enttypc></enttyp><attr><attrlabl Sync="TRUE">OBJECTID_1</attrlabl><attalias Sync="TRUE">OBJECTID_1</attalias><attrtype Sync="TRUE">OID</attrtype><attwidth Sync="TRUE">4</attwidth><atprecis Sync="TRUE">0</atprecis><attscale Sync="TRUE">0</attscale><attrdef Sync="TRUE">Internal feature number.</attrdef><attrdefs Sync="TRUE">Esri</attrdefs><attrdomv><udom Sync="TRUE">Sequential unique whole numbers that are automatically generated.</udom></attrdomv></attr><attr><attrlabl Sync="TRUE">OBJECTID</attrlabl><attalias Sync="TRUE">OBJECTID</attalias><attrtype Sync="TRUE">Integer</attrtype><attwidth Sync="TRUE">4</attwidth><atprecis Sync="TRUE">0</atprecis><attscale Sync="TRUE">0</attscale><attrdef Sync="TRUE">Internal feature number.</attrdef><attrdefs Sync="TRUE">Esri</attrdefs><attrdomv><udom Sync="TRUE">Sequential unique whole numbers that are automatically generated.</udom></attrdomv></attr><attr><attrlabl Sync="TRUE">Shape</attrlabl><attalias Sync="TRUE">Shape</attalias><attrtype Sync="TRUE">Geometry</attrtype><attwidth Sync="TRUE">0</attwidth><atprecis Sync="TRUE">0</atprecis><attscale Sync="TRUE">0</attscale><attrdef Sync="TRUE">Feature geometry.</attrdef><attrdefs Sync="TRUE">Esri</attrdefs><attrdomv><udom Sync="TRUE">Coordinates defining the features.</udom></attrdomv></attr><attr><attrlabl Sync="TRUE">Join_Count</attrlabl><attalias Sync="TRUE">Join_Count</attalias><attrtype Sync="TRUE">Integer</attrtype><attwidth Sync="TRUE">4</attwidth><atprecis Sync="TRUE">0</atprecis><attscale Sync="TRUE">0</attscale></attr><attr><attrlabl Sync="TRUE">TARGET_FID</attrlabl><attalias Sync="TRUE">TARGET_FID</attalias><attrtype Sync="TRUE">Integer</attrtype><attwidth Sync="TRUE">4</attwidth><atprecis Sync="TRUE">0</atprecis><attscale Sync="TRUE">0</attscale></attr><attr><attrlabl Sync="TRUE">PROVNAME</attrlabl><attalias Sync="TRUE">PROVNAME</attalias><attrtype Sync="TRUE">String</attrtype><attwidth Sync="TRUE">30</attwidth><atprecis Sync="TRUE">0</atprecis><attscale Sync="TRUE">0</attscale></attr><attr><attrlabl Sync="TRUE">CITYNAME</attrlabl><attalias Sync="TRUE">CITYNAME</attalias><attrtype Sync="TRUE">String</attrtype><attwidth Sync="TRUE">30</attwidth><atprecis Sync="TRUE">0</atprecis><attscale Sync="TRUE">0</attscale></attr><attr><attrlabl Sync="TRUE">COUNNAME</attrlabl><attalias Sync="TRUE">COUNNAME</attalias><attrtype Sync="TRUE">String</attrtype><attwidth Sync="TRUE">30</attwidth><atprecis Sync="TRUE">0</atprecis><attscale Sync="TRUE">0</attscale></attr><attr><attrlabl Sync="TRUE">TOWNNAME</attrlabl><attalias Sync="TRUE">TOWNNAME</attalias><attrtype Sync="TRUE">String</attrtype><attwidth Sync="TRUE">30</attwidth><atprecis Sync="TRUE">0</atprecis><attscale Sync="TRUE">0</attscale></attr><attr><attrlabl Sync="TRUE">CODE</attrlabl><attalias Sync="TRUE">CODE</attalias><attrtype Sync="TRUE">String</attrtype><attwidth Sync="TRUE">9</attwidth><atprecis Sync="TRUE">0</atprecis><attscale Sync="TRUE">0</attscale></attr><attr><attrlabl Sync="TRUE">AREA1</attrlabl><attalias Sync="TRUE">AREA1</attalias><attrtype Sync="TRUE">Double</attrtype><attwidth Sync="TRUE">8</attwidth><atprecis Sync="TRUE">0</atprecis><attscale Sync="TRUE">0</attscale></attr><attr><attrlabl Sync="TRUE">AREA2</attrlabl><attalias Sync="TRUE">AREA2</attalias><attrtype Sync="TRUE">Double</attrtype><attwidth Sync="TRUE">8</attwidth><atprecis Sync="TRUE">0</atprecis><attscale Sync="TRUE">0</attscale></attr><attr><attrlabl Sync="TRUE">IMG_ID</attrlabl><attalias Sync="TRUE">IMG_ID</attalias><attrtype Sync="TRUE">String</attrtype><attwidth Sync="TRUE">50</attwidth><atprecis Sync="TRUE">0</atprecis><attscale Sync="TRUE">0</attscale></attr><attr><attrlabl Sync="TRUE">QA4ID</attrlabl><attalias Sync="TRUE">QA4ID</attalias><attrtype Sync="TRUE">SmallInteger</attrtype><attwidth Sync="TRUE">2</attwidth><atprecis Sync="TRUE">0</atprecis><attscale Sync="TRUE">0</attscale></attr><attr><attrlabl Sync="TRUE">QA4CH</attrlabl><attalias Sync="TRUE">QA4CH</attalias><attrtype Sync="TRUE">String</attrtype><attwidth Sync="TRUE">70</attwidth><atprecis Sync="TRUE">0</atprecis><attscale Sync="TRUE">0</attscale></attr><attr><attrlabl Sync="TRUE">AREA_AREA2</attrlabl><attalias Sync="TRUE">AREA_AREA2</attalias><attrtype Sync="TRUE">Double</attrtype><attwidth Sync="TRUE">8</attwidth><atprecis Sync="TRUE">0</atprecis><attscale Sync="TRUE">0</attscale></attr><attr><attrlabl Sync="TRUE">PROVNAME_1</attrlabl><attalias Sync="TRUE">PROVNAME_1</attalias><attrtype Sync="TRUE">String</attrtype><attwidth Sync="TRUE">30</attwidth><atprecis Sync="TRUE">0</atprecis><attscale Sync="TRUE">0</attscale></attr><attr><attrlabl Sync="TRUE">CITYNAME_1</attrlabl><attalias Sync="TRUE">CITYNAME_1</attalias><attrtype Sync="TRUE">String</attrtype><attwidth Sync="TRUE">30</attwidth><atprecis Sync="TRUE">0</atprecis><attscale Sync="TRUE">0</attscale></attr><attr><attrlabl Sync="TRUE">COUNNAME_1</attrlabl><attalias Sync="TRUE">COUNNAME_1</attalias><attrtype Sync="TRUE">String</attrtype><attwidth Sync="TRUE">30</attwidth><atprecis Sync="TRUE">0</atprecis><attscale Sync="TRUE">0</attscale></attr><attr><attrlabl Sync="TRUE">TOWNNAME_1</attrlabl><attalias Sync="TRUE">TOWNNAME_1</attalias><attrtype Sync="TRUE">String</attrtype><attwidth Sync="TRUE">30</attwidth><atprecis Sync="TRUE">0</atprecis><attscale Sync="TRUE">0</attscale></attr><attr><attrlabl Sync="TRUE">CODE_1</attrlabl><attalias Sync="TRUE">CODE_1</attalias><attrtype Sync="TRUE">String</attrtype><attwidth Sync="TRUE">9</attwidth><atprecis Sync="TRUE">0</atprecis><attscale Sync="TRUE">0</attscale></attr><attr><attrlabl Sync="TRUE">AREA1_1</attrlabl><attalias Sync="TRUE">AREA1_1</attalias><attrtype Sync="TRUE">Double</attrtype><attwidth Sync="TRUE">8</attwidth><atprecis Sync="TRUE">0</atprecis><attscale Sync="TRUE">0</attscale></attr><attr><attrlabl Sync="TRUE">AREA2_1</attrlabl><attalias Sync="TRUE">AREA2_1</attalias><attrtype Sync="TRUE">Double</attrtype><attwidth Sync="TRUE">8</attwidth><atprecis Sync="TRUE">0</atprecis><attscale Sync="TRUE">0</attscale></attr><attr><attrlabl Sync="TRUE">IMG_ID_1</attrlabl><attalias Sync="TRUE">IMG_ID_1</attalias><attrtype Sync="TRUE">String</attrtype><attwidth Sync="TRUE">50</attwidth><atprecis Sync="TRUE">0</atprecis><attscale Sync="TRUE">0</attscale></attr><attr><attrlabl Sync="TRUE">QA4ID_1</attrlabl><attalias Sync="TRUE">QA4ID_1</attalias><attrtype Sync="TRUE">SmallInteger</attrtype><attwidth Sync="TRUE">2</attwidth><atprecis Sync="TRUE">0</atprecis><attscale Sync="TRUE">0</attscale></attr><attr><attrlabl Sync="TRUE">QA4CH_1</attrlabl><attalias Sync="TRUE">QA4CH_1</attalias><attrtype Sync="TRUE">String</attrtype><attwidth Sync="TRUE">70</attwidth><atprecis Sync="TRUE">0</atprecis><attscale Sync="TRUE">0</attscale></attr><attr><attrlabl Sync="TRUE">AREA_ARE_1</attrlabl><attalias Sync="TRUE">AREA_ARE_1</attalias><attrtype Sync="TRUE">Double</attrtype><attwidth Sync="TRUE">8</attwidth><atprecis Sync="TRUE">0</atprecis><attscale Sync="TRUE">0</attscale></attr><attr><attrlabl Sync="TRUE">Shape_Leng</attrlabl><attalias Sync="TRUE">Shape_Leng</attalias><attrtype Sync="TRUE">Double</attrtype><attwidth Sync="TRUE">8</attwidth><atprecis Sync="TRUE">0</atprecis><attscale Sync="TRUE">0</attscale></attr><attr><attrlabl Sync="TRUE">connection_</attrlabl><attalias Sync="TRUE">connection_</attalias><attrtype Sync="TRUE">String</attrtype><attwidth Sync="TRUE">200</attwidth><atprecis Sync="TRUE">0</atprecis><attscale Sync="TRUE">0</attscale></attr><attr><attrlabl Sync="TRUE">Shape_Le_1</attrlabl><attalias Sync="TRUE">Shape_Le_1</attalias><attrtype Sync="TRUE">Double</attrtype><attwidth Sync="TRUE">8</attwidth><atprecis Sync="TRUE">0</atprecis><attscale Sync="TRUE">0</attscale></attr><attr><attrlabl Sync="TRUE">Shape_Ar_1</attrlabl><attalias Sync="TRUE">Shape_Ar_1</attalias><attrtype Sync="TRUE">Double</attrtype><attwidth Sync="TRUE">8</attwidth><atprecis Sync="TRUE">0</atprecis><attscale Sync="TRUE">0</attscale></attr><attr><attrlabl Sync="TRUE">color</attrlabl><attalias Sync="TRUE">color</attalias><attrtype Sync="TRUE">SmallInteger</attrtype><attwidth Sync="TRUE">2</attwidth><atprecis Sync="TRUE">0</atprecis><attscale Sync="TRUE">0</attscale></attr><attr><attrlabl Sync="TRUE">Shape_Length</attrlabl><attalias Sync="TRUE">Shape_Length</attalias><attrtype Sync="TRUE">Double</attrtype><attwidth Sync="TRUE">8</attwidth><atprecis Sync="TRUE">0</atprecis><attscale Sync="TRUE">0</attscale><attrdef Sync="TRUE">Length of feature in internal units.</attrdef><attrdefs Sync="TRUE">Esri</attrdefs><attrdomv><udom Sync="TRUE">Positive real numbers that are automatically generated.</udom></attrdomv></attr><attr><attrlabl Sync="TRUE">Shape_Area</attrlabl><attalias Sync="TRUE">Shape_Area</attalias><attrtype Sync="TRUE">Double</attrtype><attwidth Sync="TRUE">8</attwidth><atprecis Sync="TRUE">0</atprecis><attscale Sync="TRUE">0</attscale><attrdef Sync="TRUE">Area of feature in internal units squared.</attrdef><attrdefs Sync="TRUE">Esri</attrdefs><attrdomv><udom Sync="TRUE">Positive real numbers that are automatically generated.</udom></attrdomv></attr></detailed></eainfo><mdDateSt Sync="TRUE">20180306</mdDateSt></metadata>
