<?xml version="1.0" encoding="UTF-8"?>
<StyledLayerDescriptor version="1.0.0" 
 xsi:schemaLocation="http://www.opengis.net/sld StyledLayerDescriptor.xsd" 
 xmlns="http://www.opengis.net/sld" 
 xmlns:ogc="http://www.opengis.net/ogc" 
 xmlns:xlink="http://www.w3.org/1999/xlink" 
 xmlns:xsi="http://www.w3.org/2001/XMLSchema-instance">
  <!-- a Named Layer is the basic building block of an SLD document -->
  <NamedLayer>
    <Name>default_polygon</Name>
    <UserStyle>
    <!-- Styles can have names, titles and abstracts -->
      <Title>Default Polygon</Title>
      <Abstract>A sample style that draws a polygon</Abstract>
      <!-- FeatureTypeStyles describe how to render different features -->
      <!-- A FeatureTypeStyle for rendering polygons -->
      <FeatureTypeStyle>
        <Rule>
          <Name>rule1</Name>
          <Title>Gray Polygon with Black Outline</Title>
          <Abstract>A polygon with a gray fill and a 1 pixel black outline</Abstract>
          <PolygonSymbolizer>
            <Fill>
              <CssParameter name="fill">#8e2121</CssParameter>
            </Fill>
            <Stroke>
              <CssParameter name="stroke">#ca590a</CssParameter>
              <CssParameter name="stroke-width">2</CssParameter>
            </Stroke>
          </PolygonSymbolizer>
        </Rule>
      </FeatureTypeStyle>
    </UserStyle>
  </NamedLayer>
</StyledLayerDescriptor>
